1970	and	british	club	days	happy	legion	loved	me	people	reminds	song	the	this	tranent
always	and	by	has	heaven	in	introduced	it	listening	me	memories	mother	my	our	remember	song	thank	this	to	you
as	at	charge	church	got	in	it	liked	much	my	of	out	person	play	played	remember	so	song	the	this	to	was	we	wedding	went
60s	70s	always	dad	drives	every	he	love	my	on	really	song	this	time	turns
always	and	as	believe	can	crying	dad	for	gone	he	is	life	long	loved	man	me	mom	my	oh	on	posting	sang	singing	thanks	this	to	write
10	again	and	back	big	bless	chart	found	god	her	in	it	later	me	my	old	only	out	played	sad	sister	sisters	some	song	still	take	the	this	time	to	was	when	why	years
34	and	are	back	best	brings	but	came	car	good	had	hear	im	in	it	like	love	memories	old	oldies	only	others	song	songs	station	that	the	these	this	was	would	years
20	again	and	can	close	could	ever	every	express	eyes	hear	her	it	last	listen	long	love	me	meet	missed	mom	more	my	of	reminds	singing	single	song	than	these	this	till	time	to	ve	we	words	years	you
2019	days	dec	from	good	greetings	listening	mabuhay	northern	of	old	part	philippines	reminiscing	the
anything	back	backwards	be	being	by	childhood	currently	enriched	era	exchange	fact	for	forwards	garbage	goes	going	in	issues	kids	lives	matter	music	my	no	not	of	played	previous	teen	terrific	the	their	this	to	tune	wise	with	would
age	and	at	because	dad	didn	english	even	first	it	know	learned	like	my	oh	old	play	remember	song	that	the	this	though	to	used	was	when	years
and	cared	listen	only	she	singer	teenager	that	the	to	was
brings	heart	memories	mind	my	sweet	thank	to	warms	you
80s	and	at	because	car	deceased	didn	each	favorite	for	getting	give	hard	her	in	it	knew	know	listen	love	me	mother	my	now	of	other	out	really	she	sing	something	song	that	the	this	time	to	turn	up	used	usually	was	we	what	with
and	days	get	hearing	homesick	miss	oldies	those	when
at	back	beside	childhood	go	hear	longing	my	radio	song	that	the	this	time	to	very
are	for	gem	made	memories	of	posting	share	superb	thank	this	you
at	back	brings	happy	heard	it	memories	only	schoolboy	this	was	when
and	baritone	could	everytime	golden	growing	hear	heard	it	makes	me	nostalgic	swoon	this	up
13	1963	and	explosion	happening	in	music	was
17	another	army	at	be	bitter	but	exact	first	for	home	it	join	just	left	memory	morning	of	old	on	out	playing	radio	really	record	story	sweet	that	the	time	to	turned	was	years
at	blackstone	crossroads	is	laura	lived	now	remember	she	where	wonder
back	me	my	of	takes	teen	years
back	best	brings	days	fond	golden	good	memories	of	old	the	those	top	very
all	back	best	clearly	come	me	memories	my	to
am	amazing	and	been	childhood	every	feel	have	in	is	it	like	listen	listening	made	me	my	night	old	since	sleep	song	this	to	was	years
about	great	kid	little	makes	me	remember	song	still	the	this	times	was	when
60	and	beautiful	great	late	memories	of	song	the
brings	children	comfort	listening	lot	loved	me	music	my	of	parents	played	the	they	this	to	too	we	were	when
also	always	and	bad	can	childhood	come	just	listen	miss	my	not	old	sleep	so	this	to	when
awesome	listen	material	nostalgic	sweet	to	tune	very
about	and	back	brings	childhood	everything	from	jeez	my	parents	song	this
about	ago	all	also	and	as	at	been	but	check	choice	completely	composure	couldn	favorites	for	funeral	grandad	guess	have	his	hit	home	in	is	it	just	kept	lost	makes	mary	melancholy	more	my	named	nan	now	of	one	over	peaceful	perfect	played	quite	really	relatively	service	so	song	soon	started	the	there	thinking	this	throughout	too	uplifting	us	utterly	very	was	which	year
16	1963	cry	for	in	it	makes	me	my	was	youth
birmingham	blades	days	good	me	of	old	reminds	silver	sundays	the
every	forever	happy	it	love	memories	party	played	song	this	we	were	when	will	young
dad	driving	first	good	grade	in	man	memories	music	my	now	old	on	playing	remember	riding	school	son	the	this	to	way	with
31	always	babe	back	beautiful	been	brings	god	husbands	is	it	joke	love	me	memories	months	my	no	passed	rip	since	sing	this	to	use	will	you	yrs
2019	70	am	and	asking	been	better	bringing	childhood	have	in	is	it	listening	lived	memories	my	now	of	on	radio	really	seirus	station	still	the	to	we	what	which	why	world
40years	ago	and	at	back	boy	brings	dad	drinks	ever	few	had	he	house	it	jim	live	long	memories	my	only	party	reeves	sing	song	that	the	this	time	was	we	when	would
and	beautiful	for	it	lovely	made	of	remember	thank	the	this	us	video	what	work	you
early	flashing	hear	keep	memories	mind	my	of	seventies	song	this	to	whenever	wow
back	bringing	days	happy	memories	they	were	wonderful
alright	back	brings	classic	many	mate	memories	so	thank	you
along	and	grandad	grandparents	hearing	his	jim	loved	me	music	my	nan	of	reeves	remember	reminds	rip	singing	songs	to	was	when	who	young
attached	big	come	did	in	know	little	many	memories	my	mysterious	place	so	song	teens	the	then	this	to	was	what	wonderful	world
die	hard	me	memories	my	of	reminds	youth
arrangement	beautiful	boy	childhood	days	drum	her	how	it	lyrics	memories	oh	perfection	played	remember	so	sweet	the	those	to	voice
back	favorite	first	husband	me	met	my	never	now	or	song	takes	this	time	to
and	back	dad	day	drinks	family	few	friends	get	great	have	in	loved	me	mum	of	reminds	songs	the	these	times	togethers	who	would
because	child	cry	funny	it	made	me	my	played	she	sister	this	thought	to	was	when
14	82	all	and	back	brings	danube	exactly	falling	feeling	first	girl	hand	in	kiss	like	listening	long	love	memories	of	old	on	shores	song	summer	that	the	this	tied	to	walks	with	year	years
2009	6th	and	away	became	boyfriend	but	cassette	ex	first	grade	has	he	him	husband	in	it	late	later	listen	lol	me	miss	my	of	on	our	pass	sent	since	so	song	that	the	think	this	to	use	was	whenever
about	always	be	born	can	gentle	have	in	innocent	is	it	no	or	pure	sexuality	sing	singer	so	there	this	those	times	to	today	violence	was	way	who	why	wish
ago	brought	country	is	kind	long	me	music	of	that	the	this	time	to	very
70	back	brings	definitely	great	memories
70	boyfriend	good	in	memories	my	sentimental	song	the	theme	very	with	yahooo
and	as	because	bobby	by	can	drumming	drums	elliott	for	great	heard	hollies	immediately	it	little	much	my	never	now	of	oh	older	or	over	perfect	playing	records	remember	say	singing	sisters	song	struck	teenager	that	the	to	too	tried	twenty	was	what	while	years	yes	young
and	back	by	changed	gone	good	had	has	how	in	it	looking	makes	much	on	rather	sad	seems	so	that	the	times	today	was	years
absorbed	and	been	but	every	have	it	just	knew	may	sang	sleep	this	to	understood	word
are	at	elvis	everytime	funeral	grandma	head	her	in	listen	loved	many	memories	music	my	played	really	so	song	there	this	to	we
all	and	around	being	child	dad	fabulous	how	it	memories	miss	mum	music	of	oh	seaside	the	this	trips
10	63	and	are	brilliant	cam	certainly	classic	era	from	great	hits	is	listening	many	memories	now	of	one	out	so	song	them	there	this	to	tune	vocals	was	when
am	cause	crying	dad	days	it	listen	me	my	of	old	reminds	song	the	this	to	when	with
and	artists	black	do	for	great	it	miss	much	night	on	our	saturday	seeing	sharing	sure	thank	these	tv	very	white	you
along	boone	came	can	clearly	danial	door	ed	first	from	green	hear	hilarious	it	now	oddly	on	radio	remember	the	voice	was	when
18	1976	and	back	be	just	listen	old	taken	this	to	want	whenever	years
but	childhood	dance	end	forever	great	in	it	last	lingers	listen	mind	must	my	nice	on	should	song	still	the	to	until	waltz
14	20	90s	after	and	ask	best	bullshit	but	called	contact	courage	during	early	ever	facebook	first	flowing	for	found	friends	girl	got	had	happily	her	in	is	joking	kids	later	laura	living	long	love	married	me	messages	met	my	never	of	old	on	our	out	part	plucked	separate	the	time	to	true	up	was	ways	we	went	year	years	young
80s	back	great	how	just	me	song	take	the	this	was
childhood	cry	forever	make	me	memories	of	remind	young
beautiful	end	nostalgia	of	song	the	world
1954	age	and	anyone	as	at	aware	be	been	born	captured	commented	elvis	emulate	even	gifted	grandmother	has	have	he	his	imagination	in	it	love	many	music	my	never	of	or	others	popular	presence	presentation	really	sound	started	still	the	there	this	through	to	today	voice	was	who	years
73	alive	back	be	good	lord	me	take	time	to	what
chester	childhood	heart	love	me	my	of	pa	reminds	song	sweet	this
always	but	dad	everyday	he	hearts	her	in	is	laura	longer	mum	my	name	no	our	remains	sing	song	this	to	us	was	with
across	always	back	be	best	but	cement	child	great	hardened	has	heard	just	long	me	my	of	really	since	so	song	stumbled	takes	the	this	ve	version	was	wet	when	will	with	world
ago	holiday	lovely	me	my	of	on	parents	reminds	times	was	when	with	years
50s	again	for	good	great	in	listening	nostalgia	singer	song	the	times
back	brings	me	more	once	yesterday
1989	and	around	born	but	dance	daughter	don	first	for	her	hold	house	how	in	it	know	memory	months	my	on	precious	sing	song	stumbled	sweet	the	this	to	used	was	when	wonderful
black	college	fantastic	first	for	group	guys	heard	his	in	on	probably	radio	soul	steve	teens	the	these	they	thought	time	was	were	when	winwood
all	away	but	gone	it	just	like	listen	melted	more	once	re	songs	that	they	those	to	when	years	yesterday
and	are	around	dad	delivered	heads	in	is	lovely	message	minutes	music	only	our	play	records	remember	ring	singer	song	songs	still	the	these	thumbs	to	unbelievable	up	used	voice	well
again	all	and	are	calling	child	country	find	for	grandparents	hate	hillbilly	it	like	love	music	my	myself	no	now	or	other	parents	played	reason	rock	singing	song	than	the	they	this	time	was	whatever	when	wish
always	aunt	ever	grace	great	hear	her	me	my	of	remind	song	this	when
again	and	big	could	give	love	me	miss	much	my	of	reminds	see	sister	so	song	this	to	wendy	whatever	would	you
as	beautiful	for	if	memories	one	own	self	song	stirs	written
childhood	me	my	remind
after	away	first	for	grade	hope	in	kind	life	love	maggie	man	moved	my	oh	shortly	song	th	the	this	to	was	you
flies	how	oh	only	time	was	wow
ask	back	damn	dance	dances	high	jr	me	nerve	school	someone	takes	the	to	up	working
dad	happy	his	loved	memories	mum	music	on	playing	radiogram	records	the	was	when
19	ago	but	cassette	cassettes	change	collection	growing	it	keeps	mom	more	my	no	nostalgia	only	playing	remember	tape	the	this	through	times	was	years
80	back	brings	club	days	in	memories	the
beautiful	days	happy	her	holiday	listening	many	me	memories	miss	much	mum	my	of	on	reminds	so	song	the	this	to
again	but	could	friend	good	had	her	july	left	miss	my	over	see	she	still	wish	years
17	1987	back	beautiful	brings	him	just	like	memories	much	old	so	song	then	this	was	years
clasmate	danilo	first	from	heard	my	old	song	this	was	when	years
always	and	away	boy	came	children	ever	for	fortunately	going	goodbye	had	haven	he	heard	it	jimmy	kid	later	married	my	named	never	older	out	passed	raised	sang	say	sharing	since	sister	song	started	steady	thanks	they	this	to	two	until	was	were	when	with
always	and	as	bring	changed	daughter	dont	even	eyes	growing	hear	her	if	im	in	is	it	know	late	later	leoni	life	me	mum	my	name	now	obviously	of	on	one	play	radio	remember	she	sing	stuck	tears	teens	thats	the	them	this	to	toddler	tunes	up	used	was	when	which	with	would
feel	great	had	it	listened	love	make	missed	never	people	place	rewind	something	the	to	tried	where	who	wish	you
always	anytime	be	because	careful	daddy	favorite	hear	if	is	it	miss	music	my	remember	song	this	you
80	are	best	childhood	music	my	remembered	the
father	it	love	me	my	of	page	patti	reminds
am	beautiful	brings	for	good	it	kind	me	memories	music	of	song	thankful	that	very	was	when	younger
1981	after	and	birthday	care	her	is	ladies	love	miss	mum	my	of	on	one	remember	school	shelter	singing	sister	song	tasmania	tassie	the	this	those	to	with	women	wow	years
2018	all	amazing	back	best	clearly	come	listening	me	memory	more	my	natural	once	talent	to	very	voice	what	who	wow	yesterday
1975	back	it	love	me	memories	of	song	take	what
but	forget	gonna	is	jim	love	memories	music	never	sad	that	the	they
all	amazing	era	fell	for	grow	in	just	listening	love	lucky	memory	music	so	thanks	the	these	to	up	was	where	wonderful	you
days	heard	man	memories	miss	my	song	stomach	this	those	turned	when
80	and	back	brother	drive	from	good	in	lake	me	my	of	reminds	reservation	roads	song	sunrise	the	this	times	to	use	when
back	brings	favorites	lovely	memories	my	new	of	old	one	song	timeless
childhood	cry	happy	made	me	miss	my	of	reminds	song	this	those	times
actually	against	all	always	and	are	back	brings	but	chinese	countries	different	doesn	each	english	fight	for	happy	humanity	it	kid	listen	loves	many	me	memories	mom	my	now	other	played	races	remember	said	see	she	so	something	song	still	that	there	this	till	to	together	ugly	understand	us	was	we	weeping	when	which
dad	every	miss	morning	my	parents	played	saturday	song	this	you
albums	back	brings	friends	listening	my	precious	teen	to	with	years
angst	challenges	child	days	good	life	of	old	play	real	teenage	the	to
and	back	band	good	great	like	now	round	someone	sound	then	there	this	times	was	what	wish
60	70	and	at	entertainment	forward	in	late	least	lip	live	look	not	on	our	singing	started	that	the	these	this	to	was	weekends	were
60	70	alive	and	felt	miss	much	optimistic	really	so	the
and	beautiful	happier	of	reminder	safer	sincere	times
and	artists	back	brings	great	group	many	memories	so	song
and	as	but	by	cried	did	elementary	feeling	first	flies	getting	in	is	listened	lyrics	not	quite	school	song	stronger	the	this	time	to	understand	was	when
but	grew	hall	like	loved	on	party	rock	roll	songs	still	teenager	then	this	town	up	was	with
2015	and	back	beautiful	been	brain	comes	days	down	embedded	fifty	filtered	flooding	granddaughter	grandsons	had	has	have	in	into	is	later	little	me	my	nine	now	of	old	only	or	parts	since	so	song	subconscious	this	three	to	ve	was	wonderful	years	yes
being	girl	it	listening	little	love	me	my	of	parents	reminds	this	to	with
adore	nostalgic	song
back	best	life	me	music	my	of	takes	way	wise	years
and	dad	me	mom	my	of	omg	reminds	this
80	and	anymore	are	back	don	feel	fun	glen	him	his	is	like	making	me	music	no	nostalgic	of	oh	recently	singer	so	song	sweet	there	to	very	why	you
and	back	beautiful	bring	childhood	days	do	floods	girl	happy	head	hear	hearing	in	is	it	just	little	lot	memories	my	no	of	off	on	out	played	playing	radio	recently	remember	song	the	this	was	when	where
1964	also	at	back	before	charity	colour	concert	death	dvd	few	he	his	in	interviewed	jim	june	length	norway	of	only	picked	rare	shop	up	was	weeks	years
back	bring	catchy	music	nice	simpler	them	times	tune
1962	ames	boone	born	character	connect	dad	daniel	didn	ed	in	it	later	mingo	much	my	niece	on	playing	quite	remember	series	she	sing	song	the	this	to	until	was	well	when	would
brought	child	commercial	me	memories	remember	song	sweet	this	to	tv	was	when
memories	miss	old	those	yes
12	about	and	beautiful	begin	girls	hear	just	my	myself	of	remember	romantic	romanticism	said	so	song	thank	that	to	vision	was
16	1st	68	am	compare	fast	flies	hear	love	my	now	old	so	song	this	time	times	to	when
all	and	at	girlfriends	great	it	jukebox	just	my	on	radio	remember	thank	that	the	time	wow	you
40	about	ago	away	brother	children	hearing	him	is	it	listening	loved	me	music	my	now	of	passed	reminds	some	this	to	we	were	when	who	with	years	younger
and	anymore	anything	are	because	before	can	changed	do	fast	fix	from	have	in	innocent	it	like	makes	memories	not	oh	or	past	people	person	re	relive	sad	so	tears	that	the	there	things	to	you
back	could	days	go	those	to	wish
appreciate	as	because	child	cry	death	every	fear	funerals	got	heard	it	jim	many	me	now	of	over	reeves	reminded	rip	song	souls	still	that	this	time	to	touches	used	voice	your
1950s	alive	and	be	beach	best	bet	billy	boy	early	eckstein	golden	great	had	he	him	if	in	island	lido	live	long	me	my	now	of	on	only	parents	room	see	sounded	sounds	standing	still	the	then	to	took	tour	very	voice	was	were	when	with	young
an	awesome	bro	brother	cat	died	few	greatest	have	hear	in	is	memory	music	my	of	roy	stevens	thats	the	think	those	though	tie	whenever	who	with
back	brings	for	memories	sure	thats	the
back	being	brings	by	dumped	emotions	first	full	girlfriend	is	loss	my	of	song	the
an	ex	it	love	me	of	reminds	rides	sunday	with
70s	growing	in	kid	me	of	reminds	song	the	this	up	was	when
ago	days	many	mine	missed	moons	the	younger
again	all	are	best	favorite	feel	for	love	makes	me	million	my	old	songs	thanks	them	those	today	young
back	brings	germany	in	it	jam	listening	memories	song	stationed	still	the	this	to	was	when	wonderful
being	country	fed	figure	force	go	it	kid	love	music	now	old	remember	this	was	when
as	days	eyes	gives	gold	grew	in	is	love	me	my	old	recall	song	tears	this	those	we	with
back	bring	good	love	memories	song	this
ate	back	brings	memories	miss
almost	ames	carson	ed	hilarious	his	it	johnny	lost	manhood	on	remember	show	the	was	when
awesomeness	benson	brilliantly	but	george	glen	it	listen	love	many	memories	pure	sang	singing	so	song	take	this	to
1973	64	am	and	be	but	feel	forever	greatest	hit	is	it	like	remember	september	still	was	when	will
after	are	back	best	come	cry	even	friend	happy	just	long	lost	make	me	memories	miss	never	now	once	really	show	they	those	times	up	where	will	yesterday	you
15	20	am	far	favorite	is	my	now	old	so	this	until	was	when	years
1952	as	beautiful	born	entirety	for	hear	in	it	its	lullaby	me	mum	my	sang	so	song	this	to	was	wonderful
2019	back	bring	hahaha	me	memories	nice	song	this	to
an	as	beautiful	changed	during	every	for	glad	gorgeous	had	handsome	history	human	humanity	in	is	knew	men	most	movies	music	must	of	people	pity	say	so	the	there	this	time	was	we	well	were	when	wise	with	women	word	worse	youngster
40	childhood	first	from	hit	my	remember	the	top	very
and	back	fell	gosh	it	just	love	loved	memories	my	oh	still	sweet	then	to	tune	youth
appear	because	generation	hear	it	make	me	new	nostalgia	old	really	song	songs	thank	the	to	want
age	days	high	me	my	of	reminds	school	song	this	wonderful
1960	2018	40th	all	and	bkk	born	day	europe	friend	great	have	in	know	life	listen	love	missed	most	much	my	never	now	of	old	really	songs	still	such	them	till	time	to	up	use	very	was	will	years	you
days	grannys	it	love	me	music	my	of	old	party	reminds
1963	50	and	back	barber	came	can	cents	dad	during	for	go	haircut	home	in	like	lunch	morning	my	no	of	on	paid	plus	saturday	shop	sitting	snowy	sounds	the	there	tip	waiting	we	went	winter
absolutely	and	be	beautiful	ernie	feel	ford	forgotten	hear	it	lovely	makes	me	never	of	past	should	song	that	the	this	voice	whenever
17	age	always	and	around	at	but	comforting	early	find	forgot	gentle	graduated	great	grew	grow	had	have	his	how	is	it	jesus	job	just	leave	like	little	love	loving	most	mr	my	never	no	of	people	pretensions	reeves	simple	smooth	so	songs	sounds	sweet	the	they	think	to	town	up	voice	was	were	who	with
70	back	but	changes	dad	didn	do	for	how	in	it	jim	listening	loved	me	my	reeves	teenager	the	then	things	time	to	was	when
days	first	for	getting	hear	heard	in	just	me	much	my	so	songs	thank	that	the	time	to	unbelievable	yokel	you	younger
50	ago	back	brings	cry	it	license	me	song	this	to	years
as	back	brings	father	favorite	great	his	in	jim	kid	listening	lps	memories	my	of	played	player	record	reeves	the	to	voice	when
and	behind	carpenters	couldn	dad	days	for	introduced	it	karen	left	me	memories	my	on	putting	remember	repeat	sad	stay	thank	the	to	was	when	you
and	better	bless	brenda	child	days	god	great	happy	lee	life	make	marvelous	may	me	memories	now	singer	thanks	those	was	when	you
beautiful	crazy	great	like	me	mother	my	of	play	post	reminds	she	song	such	thanks	this	to	used
again	although	and	at	cupcakes	day	didn	film	has	hear	hot	in	it	like	long	love	me	mellowed	nostalgia	of	other	really	reminds	saw	song	soundtrack	summers	teenager	that	the	this	time	to	used	wanted	was	when
1988	able	after	all	and	appreciation	away	been	but	came	could	drop	enough	every	father	few	front	growing	has	have	he	hear	heard	him	his	in	lucky	mum	music	my	not	november	passed	pin	play	row	roy	said	sang	seats	see	she	since	such	thank	the	time	times	to	uk	unfortunatley	up	was	weeks	went	when	you
26	above	adore	and	baby	back	beloved	brings	daddy	father	for	from	he	heaven	high	is	it	kisses	listen	listens	me	my	not	our	remember	song	still	the	this	thousand	times	to	used	was	when	who	with	years
10	and	beautiful	been	broke	ever	have	heart	her	it	later	loving	me	more	most	regret	relationship	reminds	ruined	should	song	the	this	transparent	with	woman	wonderful	years
30	47	am	and	as	australia	away	beautiful	blue	caught	child	dad	from	have	heard	hearing	husband	in	it	just	my	not	of	on	out	sing	song	started	straight	sung	the	this	to	western	whilst	words	years
67	all	always	am	and	but	heard	it	love	loved	mean	much	older	so	song	still	the	they	this	was	when	years	young
all	brings	eyes	his	many	memories	my	so	songs	tears	to
all	and	are	as	back	be	can	come	day	distant	for	gone	have	hearing	her	hope	however	in	is	karen	lives	long	lost	loved	memories	miss	music	never	new	now	on	ones	our	past	remember	she	some	song	that	the	then	there	they	think	this	through	totally	us	we	while	will	years
always	and	cash	granddad	jim	johnny	liked	listening	me	my	of	reeves	reminds	to	who
and	brings	oldies	past	tears	times
back	bringing	childhood	finally	for	found	hear	it	let	me	my	of	old	on	parents	part	radio	thank	the	this	was	when	years	you
18	1988	again	and	fond	form	it	leaving	memories	of	party	sixth	summer	the
ever	first	for	many	memories	my	record	thanks	the
and	beautiful	close	cry	eyes	flashback	had	have	is	listening	love	memories	most	my	song	still	that	the	to	when
80s	being	humming	nostalgia	of	proud	song	this	was	when	young
and	be	can	childhood	cried	day	every	forever	getting	healthy	just	loved	me	my	older	one	people	realized	return	sell	stay	that	the	them	ticket	to	want	way	were	when	who	with
ago	awesome	bless	distant	drums	from	god	have	his	inverness	jim	jims	listened	love	many	my	since	singer	songs	teens	to	years
76	and	back	be	conversation	dance	days	drink	fantastic	has	hold	intro	loved	me	miss	mobile	not	of	people	phone	really	right	seen	song	summer	takes	the	this	those	to	what	when	with
back	best	brings	lady	memories	my	north	oahu	of	on	shore	some	special	sunset	the	watching	with
1985	86	and	country	doing	during	favorite	great	help	it	kid	love	me	my	of	one	please	sing	song	soulful	sweet	this	to	was	when
all	and	film	grow	hit	it	knowing	make	me	never	on	passed	sad	so	stars	that	them	they	those	up	with
as	at	grandparents	how	it	listen	lyrics	me	much	my	of	old	play	reminds	seven	song	strange	the	they	this	to	understand	used	years	you
after	am	and	big	brewer	fan	father	for	great	he	her	kinda	lady	loved	me	much	my	named	partial	sharing	so	songs	teresa	thanks	to	voice	was
17	1962	56	ago	all	along	friends	from	going	here	in	it	korea	lyrics	memorize	my	now	old	over	popular	sing	singing	song	songs	speakers	the	this	through	to	town	was	when	with	years
and	away	best	both	boyfriend	first	friend	from	him	kept	me	my	of	on	over	playing	reminds	shame	song	stole	them	this
and	baby	carpenters	childhood	damn	every	good	hit	lol	loud	lullaby	mum	my	old	on	out	sang	tape	the	times	was	yes
73	around	elvis	had	in	king	late	let	me	mother	my	old	stay	talk	the	this	to	true	up	was	watch	years
awesome	back	brings	memories
and	back	both	brings	early	happy	left	memories	music	sad	too	us	you	your
back	better	brings	good	it	love	many	memories	much	so	song	songs	thank	then	this	were	you
15	70	actually	air	an	angels	as	at	back	behind	best	blue	brand	called	crowd	eagle	entire	ever	fighter	flight	flying	had	have	he	heard	his	in	introduced	it	jet	large	life	little	man	my	new	one	only	out	perform	pilot	plane	played	routine	saw	show	song	speakers	strike	that	the	then	there	this	through	time	to	very	was	we	went	when	who	with
and	at	be	caretaker	embarrassing	everyday	find	it	just	life	me	men	need	now	old	sang	school	sing	so	sweet	the	this	to	tommy	usually	was	would
60s	absolutely	and	brilliant	brothers	came	escape	fire	handsome	into	luton	me	reminds	ritz	saw	so	song	teenager	the	them	they	to	up	very	walker	was	we	went	were	when	where	wife	young
amazing	and	anthony	beautiful	clich	concerned	full	is	memories	no	of	song	this	time	walsh	where
1979	an	and	asked	bar	barbados	barmaid	bought	by	coffee	day	dec	disc	europe	first	for	hank	have	he	heard	here	his	in	is	label	lp	middle	name	next	on	paper	pickwick	postings	rare	remember	singin	song	store	thanks	the	this	time	unknown	very	was	when	who	with	wrote
1992	2015	55	71	age	dad	day	died	every	in	loved	miss	mum	my	old	parents	song	they	this	was	witch	years
am	and	as	beautiful	bed	child	dad	dancing	even	feel	for	from	him	his	imagine	in	me	miss	my	place	sick	sing	some	still	this	to	with	would	you
1990	after	again	always	am	and	are	at	back	bawled	beatles	broke	but	came	checking	did	elvis	eyes	for	gate	get	good	guardhouse	in	just	like	listening	loved	lump	my	not	of	on	out	people	play	radio	sight	song	still	that	the	this	throat	to	together	was	we	when	wife	work	young	your	youtube
always	and	brother	elder	fantastic	it	listen	my	old	play	popular	song	then	this	to	was	when	years
2019	29th	48am	dubai	full	great	it	june	memories	of	played	this	time	times	unforgettable
life	love	me	my	of	reminds	song	the	this
again	and	arranged	beautifully	during	enough	era	great	how	is	it	kind	know	knowing	labor	live	love	lucky	makes	me	music	never	of	produced	real	record	remember	sad	see	smile	that	the	this	to	very	was	we	well	will	written
1970	and	as	beneath	carpenters	earpiece	guam	in	june	landing	landscape	late	me	memory	nice	playing	radio	remember	the	unfolded	were
and	back	best	can	days	go	had	life	much	music	now	of	one	please	real	simpler	so	the	then	they	those	to	too	was
back	brings	great	memories	song	such
and	classics	days	favorite	is	it	me	my	of	one	reminds	song	this	those	timeless
2016	always	and	back	beautiful	before	brings	daughter	died	happy	her	mant	memories	miss	our	so	song	wonderful
16	about	and	aunt	back	brings	cousin	cute	dum	everywhere	favorite	go	haha	he	his	is	little	lonely	lot	memories	my	only	orbison	play	roy	singing	so	song	this	to	used	was	when	yeh
again	also	and	are	as	at	be	bringing	can	cousins	didnt	doing	down	drive	emotions	fill	get	go	gone	good	great	had	her	hey	innocence	karen	kids	lane	life	memories	memory	music	my	not	nuts	of	old	on	or	real	record	records	rip	sad	seems	so	soon	spin	that	the	these	to	trip	up	used	voice	was	we	weekends	what	when	years
60s	70s	again	all	and	back	big	breakfast	bring	could	dad	dean	does	early	every	fix	for	go	gosh	hank	jim	jimmy	jones	late	memories	morning	my	nearly	of	on	one	or	pancakes	put	reeves	sausage	some	sunday	the	this	to	us	williams	wish	would
again	amazing	back	blast	buried	come	deep	for	from	growing	haven	heard	in	it	like	me	memories	mid	mind	of	past	power	real	seventies	something	song	suddenly	surface	takes	the	this	time	to	transport	up	was	when	wow	years	you	your
back	bring	but	can	days	go	good	never	old	song	sure	the	this	to	you
and	college	dream	from	got	graduated	great	had	ibm	job	just	memories	what	with
80s	back	beautiful	childhood	experienced	had	hahaha	happy	it	love	makes	me	music	my	one	so	song	takes	the	this	to	wow	years
1974	always	at	brilliant	in	last	me	my	remind	school	song	was	wen	year
again	and	back	be	by	dream	few	for	gone	great	happier	look	miss	moments	of	there	these	times	to
across	back	bring	me	times	to	yeas
brenda	childhood	crush	first	is	lee	lol	me	my	older	she	than	two	years
1970s	back	days	early	elementary	in	me	my	school	takes	the	to
am	and	as	back	better	can	day	did	fantastic	go	heart	in	is	it	make	my	now	on	or	person	place	radio	relive	so	song	sounds	special	the	then	time	to	was	way	when	your
and	boarding	by	came	children	choice	comes	day	don	due	felt	from	grandchildren	have	hear	heard	hoping	in	just	like	looking	mind	money	mother	my	never	nor	not	now	old	or	out	school	sharing	she	song	still	that	the	thirteen	this	to	visit	was	when	windows	years
10	50	60	and	back	brenda	dear	early	emotions	hearing	her	late	like	old	records	such	thank	this	time	to	turn	voice	was	with	wonderful	year	you
70s	back	brings	early	good	growing	in	memories	the	times	up
everything	great	hear	imagine	in	it	life	live	love	lyrics	me	music	my	of	on	reminds	side	song	the	this	when
62	and	best	but	chevy	dad	driving	ever	flatbed	forgotten	has	his	in	lol	middle	mom	momma	my	not	of	old	only	passed	remember	rip	say	song	stood	the	time	was	when	while	would	wow	years
and	away	beautiful	because	cancer	early	from	growing	have	her	lord	loved	me	miss	much	my	of	passed	reminds	sister	so	the	this	to	took	up	we	were	when	young
2018	and	august	back	been	brings	childhood	cry	every	first	from	have	hear	heard	it	la	listening	many	memories	my	nonstop	of	sha	shines	since	so	song	still	this	time	to	woah	wonderful
and	brings	car	carpenters	good	hear	in	it	loved	me	memories	mom	my	of	riding	singing	so	songs	the	their	these	to	tunes	when	with
great	it	time	was	wasn
back	could	damn	days	go	these	to	wish
1960s	always	and	bus	days	fairground	girl	go	happiest	happy	her	innocence	largs	life	little	loved	me	mum	my	of	on	pal	playing	remind	song	such	the	this	to	trip	used	waltzers	was	we	went	when	will	with
and	girl	it	listened	little	lot	loved	song	thanks	this	was	when
amazing	and	back	but	child	damn	every	everything	feel	felt	for	gave	good	happy	have	how	in	is	its	like	makes	me	memories	my	ok	out	parents	remember	reminding	secure	sharing	should	song	such	thanks	that	then	this	was	what	when	world	wow	yet	young
13	again	appeared	been	enjoy	for	had	it	lovely	much	posting	so	song	thank	this	to	very	wanting	was	when	you
back	brings	ever	it	marvelous	memories	so	song	tastefully	we	were	what	young
61	as	beautiful	born	child	clever	grandfather	in	lyrics	me	my	sang	this	to	voices
about	and	backlash	could	days	from	good	like	not	old	peers	social	song	the	when	worry	you	your
and	dedicated	first	heard	is	it	love	music	tara	the	this	to	was	when	you	young
66	almost	always	and	at	back	bar	beggar	blind	box	classic	cornell	days	early	forehead	george	have	he	him	in	innocent	is	it	juke	killing	kray	loved	march	me	of	old	on	outright	playing	reminds	ronnie	sat	shot	straight	the	this	those	through	timeless	was	when	while	whitechapel	years
an	died	her	laura	love	miss	much	my	name	she	so	was	wife
1976	6th	all	back	brings	class	during	glasgow	grade	hansen	in	many	memories	miss	montana	my	played	so	songs	teacher	thanks	their	this	year
back	brought	crazy	for	memories	my	non	played	some	stop	teen	thank	this	years	you
and	beautiful	child	dad	had	he	him	it	love	me	much	my	of	oh	reminds	sing	so	song	such	this	to	use	very	voice	was	when
2019	29	and	back	brings	dated	girl	her	impossible	is	it	june	lane	listening	lot	me	memory	owed	pay	song	taught	the	this	to	today	who
best	childhood	ever	memory	my
back	good	many	years
13	ago	at	boyfriend	cause	cry	field	had	him	it	just	long	loud	me	memories	myself	of	old	on	or	out	over	reminded	sing	so	song	this	to	trips	used	was	years
71	also	am	and	childhood	comes	feeling	have	he	his	in	jim	listened	love	me	music	nostalgic	now	puts	reeves	since	the	to	tunes	with
for	marvelous	moments	much	nice	remember	so	thank	these	to	you
70s	as	back	fresh	give	had	in	missed	much	sadly	so	sounds	still	the	today
feeling	my	nostalgic	school	time
1963	1965	1979	57	age	all	am	and	are	at	back	but	climb	comes	did	do	feel	from	go	hear	in	into	is	it	listening	little	machine	many	me	moves	music	my	not	now	people	press	respects	see	stuff	that	the	there	time	to	today	very	want	way	what	when
again	be	kid	makes	me	song	this	to	want
and	billy	eckstine	feel	for	full	hearing	me	melancholy	memories	nostalgic	of	sing	so	song	this	voice	warm	what
can	days	every	had	in	into	just	listen	making	miss	myself	night	song	stop	tears	the	this	time	to	we	when
all	back	brings	favorite	memories	my	of	one	songs	those	time	top
back	big	brings	can	hit	it	love	makes	many	memories	more	say	so	song	than	that	the	to	words	you
after	agree	albums	all	always	and	away	awesome	been	best	books	brother	elvis	ever	few	freaking	from	got	had	handsome	have	he	his	history	in	intrigued	it	just	library	made	man	millions	my	of	one	out	passed	peace	presley	read	records	rest	so	songs	the	then	there	this	was	with
6pm	at	back	become	big	called	channels	dances	did	even	from	going	great	group	he	hear	him	home	hurry	in	just	kings	life	local	my	never	of	on	one	our	played	remember	school	sing	some	star	such	teen	teenage	the	then	they	think	those	times	to	tv	used	was	we	went	were	what	where	with	would
17	19	1987	30	50	almost	and	as	beach	beautiful	brought	did	each	exactly	girlfriend	gives	have	how	in	incredible	is	it	lot	love	many	me	memories	mind	my	nostalgia	now	of	old	on	other	passed	running	same	so	song	such	the	this	time	to	video	was	watching	we	who	with	wonderful	years	young
all	an	around	at	awesome	back	cheer	down	face	good	grin	had	how	it	lane	live	long	many	me	memories	memory	much	music	my	on	other	so	song	thank	that	the	then	this	time	trip	was	we	where	wonderful	you
80s	and	depressing	early	ever	had	heard	it	kid	most	mum	my	on	remember	song	tape	the	thing	thinking	this	was	when
28	am	and	back	beach	being	brings	but	by	car	day	fell	felt	for	good	grandma	heard	in	it	just	listening	love	me	memory	my	old	or	remember	she	song	summer	sunny	that	thats	the	this	to	was	we	were	with	years
africa	days	east	in	kenya	me	my	of	reminds	song	teenager	this
1963	back	high	in	sad	school	senior	song	was
alive	all	am	and	back	brings	felt	great	had	it	life	so	stell	then
14	17	am	boot	fantastic	first	heard	mono	no	on	radio	stereo	steve	to	was	when	winwood	year
1977	always	kid	like	me	really	reminding	song	this	was	when
1950	58	8th	along	and	back	basco	been	beginning	brother	but	fellow	for	from	ginnie	ginny	going	grade	graduated	happy	has	havu	his	in	is	it	knew	like	maddox	me	much	my	name	nickname	now	of	older	on	once	other	sang	skip	skipper	some	song	spelt	still	students	teenage	the	their	then	this	to	together	very	virginia	walter	was	when	with	years	young
1966	45	again	among	and	are	best	bought	certainly	day	exciting	faces	full	genuine	get	great	harmonies	hollies	in	is	it	its	music	my	never	of	old	on	over	perfect	perform	played	player	pleasure	record	rousing	singers	smiles	so	soaring	song	still	teenage	the	them	thirteen	this	tired	to	very	was	watch	when	wonderful	years
and	her	like	listen	looked	loved	mom	my	sing	sounded	to	was	when	young
above	all	amount	an	back	bitter	bringing	cherished	enormous	many	memories	of	sweet	yup
dance	definitely	me	of	reminds	school
are	dancing	do	grandparents	hope	memories	my	of	still	sweet	they	wherever
always	are	everyone	love	made	memories	of	these
always	and	but	days	gentleman	have	is	jim	love	loved	mary	my	name	remember	this	those	too	was	well	young
16	1963	great	in	my	old	song	was	youth	yrs
14	an	and	at	being	childhood	faithfully	for	go	him	in	it	love	marry	memories	not	option	ready	scott	steady	thanks	the	time	to	totally	unfortunately	walker	wanted	was	watched	with	wonderful
childhood	my	right	thats	there
60s	again	amazing	and	are	as	before	born	came	can	captial	every	gold	grow	harmonys	it	just	listen	love	mum	music	my	on	out	over	song	sunday	the	their	to	up	was	with	years
1970	70	am	an	and	backyard	being	childhood	great	have	in	kind	memories	miss	mom	music	my	of	on	outside	own	patio	playing	radio	sitting	softly	stations	sun	the	this	wonder	years	young
70	94	az	back	classic	fm	for	gold	graffiti	great	in	it	jack	kool	listening	memories	on	phoenix	posting	remember	show	song	thanks	the	this	to	weekend	wolfman
after	every	father	kid	liked	miss	moment	morning	my	open	school	song	that	this	to	was	when
all	back	bring	his	love	memories	of	songs	yesterday
1976	but	certainly	dances	did	find	for	hard	heart	is	it	just	love	makes	many	me	memorable	most	my	of	one	out	records	smile	so	stand	that	the	this	to	tracks	year
1974	album	all	always	and	are	around	arrangements	back	be	bringing	brothers	cathy	every	fell	floor	had	her	house	in	karens	listening	living	love	masterpiece	music	my	neighbor	none	of	on	over	player	pop	princess	record	remember	room	sat	second	she	singles	song	that	the	to	voice	we	when	will	with
coming	daddy	father	hang	he	home	loves	me	much	my	next	of	omg	on	philippines	reminds	so	song	there	this	year
after	album	boyfriend	first	loosing	my	out	such	this	voice	wore
2006	always	and	away	back	brings	cry	favorite	frequently	good	grandmother	he	hearing	her	him	his	in	listened	makes	many	me	memories	music	my	of	passed	quite	september	she	since	singer	so	thinking	to	want	was	with	you
60	70	and	fantastic	for	good	he	rock	that	the	times	were	years
from	it	love	remember	song	the	very	was	when	young
2019	but	feels	fresh	many	memories	past	relate	so	song	songs	the	this	with	wonderful
13	but	died	favorite	mums	my	song	this	was	when
70	and	around	at	aunts	dance	end	floor	in	late	man	me	mid	my	of	old	older	receptions	reminds	song	the	this	to	twirling	uncles	wedding
60yrs	ago	an	and	dad	days	fast	go	gram	great	his	magical	masters	moments	mum	old	on	putting	radio	remember	so	this	time	voice
55	am	and	at	dancing	for	has	love	mother	my	now	only	parents	passed	posting	remember	song	thank	this	to	was	watching	wedding	you
always	bottom	cause	creator	every	everything	father	for	from	granddaughter	happy	heart	here	him	in	know	law	miss	music	my	now	of	our	papa	re	remember	right	so	thanks	the	this	time	to	we	will	with	you
and	banned	been	bonnie	for	from	in	is	lies	lol	my	ocean	over	personally	radio	sad	sadder	school	sing	that	the	think	to	used	we
1966	and	born	by	everyone	from	great	in	loved	missed	number	one	singer	song	the	this	was	well	years
72	and	bought	days	first	good	im	it	now	off	old	out	reach	record	remember	still	the	those	was	where
back	could	go	in	know	love	now	song	that	time	what	wish
15	am	and	at	brought	childhood	eyes	friend	have	it	listen	me	my	of	really	reminded	sang	school	since	tears	this	to	today	was
absolutely	again	all	back	can	days	get	how	is	love	miss	never	sad	song	that	the	there	this	those	time
back	brings	good	lol	memories	some
am	car	dad	in	listening	me	my	of	old	on	remind	school	song	this	to	way	when	years
2000s	90	90s	all	back	boy	dance	dancing	do	fiance	floor	for	generation	just	last	man	me	miss	my	new	night	not	on	take	the	this	to	was
10	47	back	brings	good	its	like	me	now	old	so	then	was	wow	years
2019	come	favorite	growing	here	is	june	my	nostalgia	song	this	up
all	and	beautiful	been	brought	danced	eyes	for	girls	god	have	hurts	it	listening	many	million	miss	my	not	of	song	tears	terribly	thanks	that	the	them	thinking	this	to	tune	uploading	with	years
always	and	as	back	cruise	dad	dances	did	everything	for	from	generation	goes	head	hear	in	living	love	me	mom	moms	my	now	of	on	passed	reminds	song	the	then	they	this	were
and	back	beautiful	every	hearing	in	melody	sends	so	the	this	time	tune	you
70	does	during	early	flood	germany	in	memories	mind	stationed	the	this	usaf	with	wow
angel	blue	christmas	every	favorite	gram	happy	lps	on	orbison	our	play	roy	stereo	the	times	to	used	was	we
56	during	memories	much	so	this	with	years
all	always	am	an	and	bedroom	can	days	deep	elvis	etc	ever	forget	good	he	here	him	his	how	in	looks	my	of	oldie	on	posters	remember	singers	surpass	these	to	tuning	videos	voice	wall	was	when	wonderful	you	younger
14	1966	and	back	beautiful	brings	faces	fantastic	in	john	live	me	old	rip	scott	thank	to	version	voices	years	you
1965	2018	25	53	60	78	all	and	back	band	called	days	decca	for	fun	gets	golden	good	got	great	had	has	heard	hello	in	included	it	june	just	knows	list	lost	made	me	might	miming	music	net	old	on	our	play	played	presidents	radio	recording	reflection	released	rock	romance	singing	so	takes	that	the	this	to	together	trend	video	was	we	when	who	years
07	1977	2019	august	carpenters	exactly	husband	in	many	memories	met	my	nice	on	radio	so	the	today	were	wonderful
59	almost	and	back	brings	but	country	crash	death	favorite	forever	great	his	in	jim	live	memories	music	my	of	one	plane	reeves	shattered	singers	song	this	untimely	was	what	will	world
50	after	ago	and	apart	back	clock	could	drifted	gail	if	listening	love	miss	much	only	so	still	the	this	to	turn	we	years	you
as	be	beautiful	being	cannot	child	from	furniture	gramaphone	grandparents	great	house	in	it	itself	jim	listening	made	my	of	piece	played	remember	replicated	rose	small	so	somehow	songs	sound	such	suited	that	the	these	to	today	tone	vacuum	valves	voice	was	well	with	wood
and	be	dad	inhaling	listen	my	nostalgia	song	soon	the	there	this	to	was	would
12	also	an	any	back	but	by	can	caught	days	different	don	early	even	eye	get	girl	had	incurable	issue	it	know	later	look	loved	me	months	more	motown	my	of	on	platform	play	realize	reminds	rock	romantic	the	then	think	though	undergraduate	vividly	when	who	why	woman	young
am	back	brought	glad	it	memories	my	pleasure	southam	thanks
50	60	70	after	alive	and	be	comment	common	days	doing	everything	eye	find	gives	gonna	good	goosebumps	got	ha	heard	if	internet	is	isn	it	leave	ll	maybe	me	nostalgic	now	old	or	remember	since	so	sometimes	song	still	teary	that	the	this	those	was	when	where	years
1973	46	again	along	always	and	be	beautiful	came	canadian	carole	dating	experienced	flautist	free	french	from	in	is	lives	me	more	music	my	never	now	on	once	others	place	radio	responsibilities	she	song	student	thats	the	this	through	time	to	transports	was	where	will	with	years	yesterday
12	1966	ahead	are	but	cats	deserved	for	given	great	memories	music	musically	never	of	old	only	priceless	props	rightly	so	the	their	then	these	they	time	was	way	were	yardbirds	year	years
all	back	brings	cafe	great	her	in	little	memories	mom	my	played	the	this	time
19	and	as	australia	brings	by	camping	cassette	deck	fishing	get	gets	glimpses	in	it	life	lonely	love	memories	music	my	north	nostalgia	of	old	older	on	or	out	passes	past	playing	quickly	remote	so	sometimes	this	though	through	twin	western	year	you
back	bring	childhood	engelbert	humperdinck	love	memories	songs	thank	you
another	classic	memories
back	brings	from	great	memories	song	teenager	was	when
60th	anniversary	at	beautiful	danced	diamond	forever	last	memories	my	parents	song	such	that	their	this	to	wedding	weekend	will
60	and	back	brings	england	every	go	in	loved	memories	minute	my	of	ready	steady	teen	the	theicewitch54	watched	while	wonderful	years
70	back	band	by	catchy	favorite	great	magic	me	my	right	takes	the	think	this	though	to	track	tune	was
2019	always	anyone	dad	my	remembered	sing	song	that	this
1950s	dickie	from	good	is	lovely	memories	remembered	singer	still	the	valentine
1970	but	cry	dance	every	favourites	grandfather	grandparents	had	hear	hearing	in	it	jukebox	love	makes	me	my	of	on	one	pub	the	this	time	to	used	was	with	wonderful
but	cassette	for	from	horrible	it	listened	my	quality	radio	recorded	recorder	remember	song	teenager	the	this	to	was	when	years
10	30th	70	ago	and	august	away	for	great	in	learned	memories	memory	mom	my	on	passed	roller	skate	song	thank	the	this	to	years	you
back	brings	happy	many	memories
and	child	compassionate	confessing	each	every	feelings	filled	flashbacks	for	from	get	in	italy	living	lovers	other	song	southern	street	there	this	was	when	where	with
16	but	came	good	incredible	memories	out	this	was	when	wow
ah	awesome	back	brings	good	memories	rink	skating	the	times
dad	had	him	how	if	known	me	miss	much	my	of	only	reminds	would
and	back	had	how	just	loved	mp3	much	my	on	player	remembered	since	so	song	then	this	was
after	and	as	beat	beautifully	cancer	carpenter	close	cry	did	doing	each	favorite	forever	friend	from	had	haven	hear	heard	her	hope	identical	if	in	is	joy	karaoke	karen	last	life	liked	lost	made	me	my	not	of	on	or	remind	said	she	sing	singing	song	songs	still	swear	talked	that	the	this	time	to	touch	voice	was	we	were	when	will	years
back	classic	days	don	from	just	like	make	me	my	nowadays	pilot	song	songs	takes	thanks	this	to	younger
brenda	davis	didn	exposed	grew	had	it	know	listening	of	skeeter	song	soul	this	to	until	up	version
10	16	53	and	as	back	came	crush	days	feeling	for	found	girlfriend	got	had	hearing	heartache	it	just	later	listening	lyrics	me	miss	music	my	now	of	old	out	really	remember	same	sign	song	that	the	this	those	to	true	were	who	written	year	years
11	2014	and	back	car	grandfather	he	heaven	him	in	me	music	my	now	of	our	play	reminds	still	this	was	way	when	would
all	an	are	as	asset	consider	corn	crooner	dickie	earned	entertainer	favorite	good	great	guy	like	lovely	make	microphones	missed	music	my	near	no	of	period	rip	sadly	silk	singer	that	the	their	they	this	to	today	voice	was	were	what	when	where	words	writers	writing	you
and	childhood	father	listen	my	often	remember	sings	song	this	to
back	brings	childhood	from	great	is	memories	my	song	this
and	cant	father	first	found	gradually	help	in	just	kid	listen	lyrics	many	music	my	now	passed	room	so	song	stop	tape	tears	the	this	to	understand	was	when	years
and	back	brings	broadcasting	classic	corp	day	enjoy	excellent	hear	in	memories	my	song	srilanka	this	to	used	youth
18	1966	47	67	able	aisle	an	and	apc	as	babies	back	both	but	came	cry	dianne	down	driver	for	foreboding	girlfriend	gunner	hawaii	hear	her	high	in	inducted	into	it	june	just	knowledge	laid	later	like	loved	make	married	marry	might	months	my	not	of	old	our	out	rpg	school	senior	song	still	texas	that	the	this	to	took	up	usmc	walk	was	we	wedding	when	with	year	years
all	also	as	blasting	child	elvis	frank	full	gospel	grandma	grew	house	jones	love	mother	music	my	of	our	passion	presley	sinatra	the	this	time	tom	up	was	with
as	child	remember	song	thank	this	you
back	bring	for	like	listening	memories	miss	music	on	radio	thankful	the	this	to	wonderful	youtube
at	back	beats	better	cant	gardens	god	it	me	much	old	roller	rolling	school	skating	so	takes	the	then	top	were	you
beautiful	great	is	many	memories	much	so	song	thank	this	video	with	you
40	ago	back	brought	is	it	like	memories	over	really	remember	sears	some	song	the	this	to	was	well	which	words	years	yesterday
dad	dads	favourite	he	last	lost	me	my	of	one	reminds	singers	song	that	this	year
40	an	angel	as	brings	comparing	girl	good	had	idea	in	it	like	listened	long	loved	many	me	memories	merry	much	nice	not	of	one	perhaps	really	so	songs	the	those	time	times	to	very	with	year	years	yester
10	45rpm	and	bringing	brother	favorite	home	my	on	record	remember	this	was	yardbirds
88	89	and	back	been	brings	came	day	everybody	fl	for	good	got	groups	have	in	it	looking	lot	man	memories	name	never	new	now	of	one	out	song	thanks	the	there	this	tyndal	was	when	years
and	deceased	nostalgia	sentimentality	the	to
and	beautiful	childhood	from	my	song	woman
50	back	best	me	music	my	take	thanks	time	to	years
album	childhood	christmas	favorites	from	grew	listening	my	of	one	still	their	to	up	voice
after	amazing	are	at	billy	but	can	darling	do	for	great	hear	heaven	in	jillian	least	log	most	on	place	playing	singer	so	still	thank	the	this	to	us	voice	week	were	whole	wide	wish	with	wonderful	world	you	your	youtube
childhood	days	my	reminiscing
air	before	great	lot	memories	my	of	play	popular	senior	song	summer	the	year
42	after	and	attention	because	broke	choose	competing	for	growing	guy	heart	ladies	me	my	on	other	reconnected	remember	she	song	the	this	to	turned	up	we	years	young
all	and	anymore	back	beautiful	brings	childhood	here	memories	my	not	of	some	song	them	this	was
all	back	best	clearly	come	me	memories	my	song	this	to	with
beautiful	heart	it	my	nostalgic	sounds	to	voice
and	dad	day	every	just	me	miss	much	mum	my	of	reminds	so	who
and	another	but	don	dreams	has	kind	know	magical	me	mesmerizes	my	nostalgias	of	some	song	soul	spell	takes	that	this	to	word
actually	baby	chorus	dad	daughter	ever	first	for	haha	heard	is	just	my	of	sharing	she	sing	song	step	thank	the	this	time	to	used	ve	video	was	when	whole	you
be	beautiful	brewer	but	cleaning	don	growing	hearing	her	house	just	like	mom	my	of	really	remember	she	sing	song	sounded	teresa	the	this	to	up	use	voice	was	when	with	would
1998	friend	girl	high	in	my	remember	school
again	and	at	back	beautiful	believed	brought	check	cover	day	feel	free	good	has	have	in	it	lot	many	me	means	memories	my	nice	on	ones	out	page	please	remember	school	singing	slow	so	song	thanks	that	this	time	to	was
70	benson	childhood	for	from	great	me	my	of	reason	reminds	robbie	some	song	this	tune
and	as	child	how	me	miss	mum	of	reminds	rip	sing	so	song	sweet	this	to	used	you
back	beautifully	bring	classical	hauntingly	song	songs	these	what
beautiful	every	hear	kind	listen	miss	mom	morning	much	my	of	she	so	song	sunday	this	to	used	when
already	always	and	because	best	but	can	dad	dance	danced	daughter	during	even	first	gone	hand	hands	happened	he	heart	high	him	his	hold	how	hug	in	junior	last	lend	love	me	memories	miss	much	my	night	our	papa	played	prom	remained	remember	saying	school	senior	so	song	that	the	thing	this	tight	to	was	when	with	you
able	also	and	anyone	artist	be	by	can	charts	country	crossed	grows	happened	how	impeccable	love	music	never	not	old	over	perfection	pop	pure	record	remember	shot	song	sung	technically	the	this	to	unforgettable	up	well	when	which	who
12	1963	brenda	in	lee	old	pretty	remember	such	very	voice	was	well	with	years
57	all	back	being	by	fast	great	how	just	looking	makes	me	now	passed	sad	so	teenager	the	think	time	times	to	was	when
all	amazing	country	get	love	loved	me	mum	my	never	of	one	over	peter	remind	served	song	still	thinking	this	we	were	while	will	you
again	back	days	these	were	wish
21	28	after	bought	car	cd	crying	divorce	down	driving	ended	first	had	in	is	later	loud	love	marriage	my	remember	rolled	song	still	the	this	turning	up	very	windows	years
everyday	him	his	listening	me	mum	my	of	played	reminds	songs	to	who
36	ago	an	be	could	cry	days	is	it	karen	lost	makes	me	painful	really	sadly	song	still	these	this	to	today	way	we	weird	wish	world	years	yesterday
first	for	girl	good	made	memories	mix	my	on	song	tape	the	this	was
13	and	be	calypso	dances	doing	girls	going	great	has	hit	it	line	long	man	of	old	passionate	remember	romantic	school	singing	so	song	the	there	this	to	voice	was	what	when	would	year
and	as	at	danced	happy	high	in	maine	my	our	portland	roller	school	skated	song	sweethearts	the	to	we	wedding	well	were	wheels	when	wife
best	grew	happy	memories	of	one	the	up	with
away	back	days	from	my	oh	ya	yes	young
always	back	banger	cars	do	great	in	lorry	meeting	on	our	played	race	racing	the	this	times	to	used	way	we	were	when	with
10	about	after	away	came	correctly	crash	died	disc	he	if	in	jockey	just	mr	news	old	out	over	passed	plane	reeves	remember	said	song	that	the	this	was	when	wire	years
60	back	come	early	omg	please
49	ago	all	am	as	did	for	from	it	love	now	remember	song	still	thanks	then	this	those	uploading	very	was	years	young
all	along	and	as	back	bring	cry	grow	her	just	listen	listening	memories	my	see	she	sing	song	to	we	with
57	am	an	be	but	child	country	hood	in	into	me	music	my	not	on	really	remind	this	to	weeks	will	years	yes
childhood	fine	from	gentleman	jim	my	on	our	parents	played	player	record	the	this	tune	tunes	when
but	by	childhood	memories	my	passed	same	stays	the	years
1956	about	am	and	as	attention	back	be	beautiful	been	big	can	century	childhood	coming	desoto	everytime	face	father	first	grabbed	had	half	has	hear	heard	honestly	how	in	is	it	karen	later	left	liked	my	nearly	never	now	of	old	on	or	remember	rich	riding	say	seat	smile	song	soon	thank	the	there	this	to	too	truly	us	voice	was	when	with	wonderful	you	yours
50	60	all	and	are	best	days	if	live	memories	most	my	not	now	of	one	rubbish	songs	the	these	times	with
age	anymore	beautiful	because	but	crazy	did	do	laugh	listened	love	makes	memories	miss	not	now	recall	songs	still	the	things	those	was	when	young
back	brings	happened	memory	music	the	this	to	voice	what	wow
14	21	30	ago	another	anyone	cheated	dad	dated	else	ever	has	he	his	if	is	let	love	man	married	marry	mary	me	mother	my	name	naver	not	old	on	or	passed	she	song	this	thornwell	wait	was	years	you
50	60	70	73	80	about	although	and	angel	as	big	but	called	contemporaries	course	day	every	for	friends	glad	graduated	great	have	hs	in	just	knew	love	loved	me	memories	my	of	oldies	sisters	song	songs	teen	thanks	that	the	these	to	well	words
2006	broke	down	from	in	left	me	on	played	radio	she	sixties	song	the	this	when
grew	is	it	jim	lane	listening	memory	reeves	to	up
about	always	am	and	as	be	but	carefree	cry	days	every	forever	good	how	it	its	kept	life	listen	makes	me	memories	old	on	only	places	remain	reminded	right	song	that	things	this	those	time	to	was	were	will
always	childhood	days	everytime	kid	kind	like	listen	music	musics	my	of	parents	play	so	this	time	to	traveling	was	when
age	alive	and	as	back	brought	father	feelings	his	in	is	kid	listening	living	lot	man	me	mum	my	now	of	old	parents	played	prime	she	teen	this	to	was	when	with	younger
30	about	after	again	and	back	best	brings	childhood	competition	days	during	emotions	ever	finding	for	forgot	growing	it	like	lived	memorized	my	of	one	past	singers	singing	song	tears	that	the	this	up	was	years	yesterday
are	before	day	ever	every	feeling	for	fresh	gives	green	his	leaving	leo	loved	me	play	remember	sayer	school	single	songs	to	tracks	wow
back	bring	build	can	machine	music	must	need	please	someone	this	time	we
back	been	different	experienced	had	have	head	lot	my	on	shoulders	then	things	this	wish	would	younger
1985	80s	back	brings	find	in	into	it	looked	loved	memories	released	song	swear	the	this	until	was
75	how	last	like	made	many	my	now	of	playing	songs	still	them	these	todays	was	will	youth
and	back	familiar	lyrics	me	old	rhythm	take	the	time	to
50s	and	back	family	lovely	me	my	nostalgic	of	sing	singer	some	song	songs	takes	the	these	to	used	very
1973	and	angel	away	back	carpenter	have	in	karen	may	me	mother	my	of	passed	rip	song	takes	the	this	time	to	voice	you
70	can	everything	from	miss	more	say	than
apply	back	brings	for	in	lots	me	memories	navy	of	song	still	the	this	today	was	when	words
2018	beautiful	even	for	in	marvelous	moments	remember	song	thanks	these	to	what
1966	always	coming	he	heart	in	my	remember	up	was	when	young
back	be	bring	it	lonely	memories	partner	please	sin	so	someone	sweet	to	voice	with
60s	70s	80s	and	beat	getting	nostalgic	nothing	of	songs	the	to
and	away	beautiful	dad	dance	get	goosebumps	has	little	me	mom	my	of	passed	play	reminds	so	the	this	time	to	used	was	when	with
13	old	remember	song	this	was	when	years
and	be	could	decency	it	meaning	more	once	song	wish	with	yesterday
back	birthday	brings	buying	first	for	many	memories	my	record	remember	sister	so	this
12	and	at	beauty	forever	gave	girl	innocence	it	love	man	of	oh	old	on	puppy	recorded	released	serenity	song	stay	swore	tape	the	this	time	to	was	when	who	with	year
being	day	ends	every	for	guess	human	it	knowing	listen	literally	little	lots	meant	nostalgia	not	of	reasons	someone	song	suppose	that	this	to	toddler	used	was	what	when	world
2019	am	and	at	back	but	in	january	little	looking	love	me	my	next	nothing	parents	playing	radio	remember	seat	sister	sitting	song	the	to
absolutely	artist	come	favorite	grandfathers	great	his	jim	love	memories	music	my	reeves	thank	this	was	with	you
17	1987	and	aren	awesome	back	brings	hear	in	kids	lasted	memories	my	raised	some	song	still	this	together	was	we	wedding	when	why	wonder	years
at	bbc	chicago	dancing	disco	great	in	memories	the	this	to
1993	back	como	from	in	italia	laura	memories	my	thank	to	turn	you
album	back	car	could	finally	found	grandpa	in	it	japan	listened	many	my	oh	only	remember	shalalala	so	this	to	years
always	an	and	as	been	billy	boy	brother	far	felt	for	got	had	happier	he	heard	his	it	jimmy	little	long	lullaby	me	mother	much	my	nickname	nicknamed	nonetheless	one	sad	sang	sharing	since	so	song	such	thanks	that	the	this	to	too	tyke	upbeat	was	when	while
every	has	mother	my	played	remember	song	sunday	this	what	wonderful
1966	certainly	changed	for	got	hair	have	hey	high	in	kicked	long	my	of	out	school	that	time	wearing
5th	but	certainly	cried	elementary	english	favorite	for	grade	in	it	just	listen	my	not	of	radio	school	songs	sure	that	the	time	to	waiting	was	when	young
ago	an	asked	be	because	couldn	decades	developed	did	different	done	from	had	have	he	him	if	impossible	interview	is	it	learned	like	never	nobody	person	probably	remember	roy	said	sang	someone	something	style	tell	that	to	told	why	with	would	young
14	45	at	beautiful	did	disc	don	every	for	get	got	home	how	in	many	of	old	penny	played	player	record	remember	rpm	save	song	the	this	times	to	was	when	years
80s	90s	and	back	boy	brings	changed	could	go	have	how	in	many	memories	miss	so	the	things	this	time	wish
2019	airport	at	broken	first	goodbye	he	heart	here	high	love	me	moving	my	of	out	reminds	saying	school	state	the	to	truly	was
brilliant	brings	me	memories	this	to
62	ago	always	and	dad	for	him	married	me	miss	much	mum	my	of	passed	reminds	very	years
17	about	although	always	and	at	came	didn	ever	going	holiday	in	italy	know	loved	now	on	or	really	remember	restaurant	since	song	the	this	time	tv	ve	was	what	when
11	always	and	away	but	cd	grandad	he	him	learned	listens	lost	love	me	miss	my	on	passed	sadly	the	this	we	when	will	with	words
always	dad	for	growing	miss	mom	my	played	song	this	up	was	when	you
80	back	best	brings	childhood	in	memories	my	of	the	they	times	were
70	and	better	but	funner	had	it	less	miss	simpler	tech	the	times	was	we	world
11th	2019	absolutely	always	back	be	brings	dad	day	forever	july	life	little	love	memories	miss	much	my	of	playing	rip	saddest	so	the	this	was	when	will	you
16	and	clearly	dancing	mama	my	remember	so	song	this	to	with
absolutely	after	and	apologies	bad	because	blow	childhood	feel	grammartical	great	habit	heard	her	it	just	like	listen	love	make	many	me	melody	mistakes	my	now	of	relaxed	school	secondary	send	since	so	some	song	steam	still	student	such	the	this	time	to	voice	want	was
ah	and	as	back	brings	came	classic	damn	dance	dope	floor	friends	hell	here	high	in	is	literally	many	memories	my	out	right	school	shit	so	song	tear	the	this	to	track	up	use	was	when
50s	again	but	mid	suddenly	teenager
and	as	by	did	expect	gives	goes	he	if	in	just	listener	memories	not	passed	past	quickly	recalling	serenity	silence	so	song	the	this	time	to	yesterday
beautiful	it	miss	on	remember	shows	that	to	tv	voice	was	watch
and	childhood	clearly	comeback	favorite	me	my	noise	of	omg	radio	song	the	to
1977	9th	and	fell	first	from	grade	graduation	high	in	it	john	jr	love	loved	my	now	of	real	school	song	summer	the	then	this	wannamaker	with	year
1950s	1960s	and	during	grand	growing	listening	music	ole	opry	remember	the	to	up
and	funny	girl	it	kid	old	only	remember	she	singing	song	this	thought	to	was	when	young	yrs
45	67	alive	and	bought	came	favorite	have	in	is	it	me	memories	mom	motown	my	out	record	song	sound	still	the	then	this	was	well	yo
and	beautiful	nostalgia	so
1980	40	about	age	an	and	back	be	blink	brings	came	cat	childhood	doggo	early	enough	even	existed	eye	feels	first	forgotten	gives	had	her	if	in	ish	it	lady	like	little	live	ll	long	lovely	lucky	me	my	nostalgia	now	of	old	out	probably	right	saw	serenading	song	such	sweet	that	the	this	to	until	warm	was	when	years	yesterday
1988	am	anyway	back	because	brings	chance	every	got	hating	is	jams	kind	memories	my	not	of	one	rapping	rocking	song	the	then	this	was	what	whatever
1969	danced	exact	good	in	memories	record	this	to
by	days	evokes	for	gone	makes	memories	old	song	timeless	yearn	you
an	and	angel	beautiful	ever	forgotten	him	his	kid	listened	love	mist	never	of	singing	still	the	to	voice	was	when
days	great	happy	in	memories	my	of	reminded	song	the	usa	which	youthful
back	feeling	for	love	memories	omg	thanks	the	this	throw
27	97	age	am	around	at	back	but	childhood	died	flash	grandma	memories	missed	my	of	she	the	to
2019	60	and	attached	back	being	can	go	goosebumps	in	many	melodrama	memories	of	sept	so	song	teenager	the	this	to
afternoon	beautiful	every	in	middle	miss	my	plays	school	song	that	this	times
32	after	and	first	her	love	loving	many	memories	met	mine	my	never	reconnected	so	song	stopped	this	to	was	we	years
10	11	and	booming	but	by	first	foley	for	gal	her	introduction	not	old	on	or	red	remember	she	such	sure	that	tv	voice	was	what	year	years	young
80	as	back	change	feeling	for	gonna	in	its	love	my	nothing	same	song	the	this
dad	my	remember	singing	this
days	especially	it	makes	me	nostalgic	school	the
childhood	favorite	finally	find	memories	of	song	the	tons
back	brings	happy	memories	was	when	younger
80s	always	back	best	brings	could	go	good	how	life	love	many	memories	music	my	of	so	the	this	time	to	will	wish
40	80	90	and	back	brings	era	experience	glad	got	in	memories	mid	much	my	now	of	sad	so	teenager	that	the	to	was	when	years
30	ago	am	boy	from	in	long	mind	my	primary	romantic	school	so	song	time	when	years
2002	always	being	for	generations	grandparents	head	in	it	loved	me	my	passed	play	since	song	stuck	the	this	through	was	would
and	artist	brilliant	everlasting	from	great	greetings	ireland	music	my	of	youth
50	60	again	and	at	computer	did	ever	experience	from	great	have	it	no	one	play	sit	song	the	then	time	today	was	we	well	what
beautiful	brings	first	heard	him	is	love	memories	met	most	my	song	that	the	time	today	up	what	wife	woman
carl	for	memories	nostalgic	thank	the	you
10	almost	been	everytime	first	its	just	kid	listened	piece	remember	since	the	this	time	to	was	when	years
miss	much	remember	so	song	still	them	this	was	when	young
70s	and	as	back	box	bring	cd	damn	danced	day	every	good	have	in	it	kid	like	listened	me	my	not	room	songs	the	this	times	to	used	world	worry
anymore	blast	don	for	from	house	in	is	it	just	like	little	make	me	our	past	playing	remember	song	the	them	they	this	very	was	when
ago	always	and	boy	come	father	find	he	here	in	it	just	little	memories	my	not	now	really	some	song	this	was	when	with	years
great	group	holds	loved	memories	music	still	that	this	up	wonderful
about	ago	another	as	because	dad	find	girlfriend	guy	him	his	is	kid	left	long	me	my	one	sad	song	then	this	time	was	who
1988	backyard	best	dance	friend	in	is	learning	my	remember	slow	song	summer	the	this	to
all	are	back	bring	could	don	know	missing	must	people	sing	these	they	we	what	wish
and	lovely	nostalgia	pictures	sad	sweet
about	forgot	memory	now	that
actually	and	family	friends	me	my	of	reminds	song	this
afternoon	always	cassette	me	mom	my	of	on	play	reminds	sunday	this	vibes
2019	back	come	memories	my
13	1960	age	ageless	already	and	appreciate	artists	at	beautiful	connie	francis	great	knew	love	many	my	of	others	parents	sing	song	songs	taught	the	this	to	us	used	we
back	childhood	go	my	once	only	to	want
away	be	both	boy	can	dad	each	everytime	favorite	god	hear	her	hums	it	late	miss	mom	my	on	played	radio	remember	song	still	the	this	time	too	was	way	when	with	you	young
31	again	ago	and	back	brings	dad	died	do	ever	get	good	greatest	her	it	listening	ll	lovely	memories	mum	my	rip	start	the	to	today	voice	years	your
ex	girlfriend	me	my	of	reminds	song	this
10	again	as	badly	been	but	could	died	even	get	gone	have	he	him	jimmy	life	may	miss	my	on	over	see	still	though	try	well	wish	with	years
and	back	could	days	during	how	listen	lovely	many	meaningful	old	performing	see	so	songs	the	them	time	to	turn	we	wish
am	and	appreciate	back	can	childhood	due	eighteen	eleven	family	first	great	happy	how	in	just	knew	listened	lyrics	melody	my	nice	now	only	or	pain	resonate	song	strongly	struggling	studies	ten	the	then	this	those	times	to	voice	was	when	with
1997	59	aged	an	and	around	as	australia	belfast	both	child	died	drinking	from	in	incurable	just	left	missed	mother	murray	my	of	romantic	ruby	sadly	same	she	sing	smoking	soon	sydney	the	this	time	to	too	used	victim	was	when	world
days	good	love	old	remembering	song	the	this
60s	70s	80s	and	are	bodies	bouncers	childhood	dances	didn	don	drugs	each	favourite	from	girl	gone	great	have	hear	high	in	is	it	just	know	long	love	missing	money	music	mutilate	night	no	of	or	other	our	ourselves	park	parties	piercings	police	refreshing	respected	rock	school	so	songs	spend	summer	tattoos	tenderness	the	there	they	to	today	we	were	with	wonderful	your	youth
all	and	before	believe	came	can	forgive	have	heard	instantly	it	loved	me	missed	never	on	radio	song	the	these	this	today	years
back	lady	me	of	reminds	song	special	takes	this	way
and	back	brings	dad	dancing	don	great	like	lt	many	memories	mom	music	my	play	remember	sad	song	stories	such	they	this	to	today
am	enough	liked	meaning	music	now	of	old	song	thank	that	the	to	understand	was	when	you	young
as	best	her	is	kid	memory	my	of	song	this
80	and	are	at	best	boy	dancing	era	ever	girls	in	love	magic	of	one	parties	remember	song	songs	the	this	time	was	we	when	with	wonderfull	young
ago	and	brothers	childhood	for	good	long	memories	my	remember	sisters	thanks	time	uploading	with
40	and	away	before	behind	beloved	friends	have	leaving	listen	many	memories	memory	my	nearer	of	passed	past	remember	song	still	this	unforgettable	which	while	years
20	21	3rd	about	acknowledge	after	again	ago	also	an	and	anita	anna	at	back	be	before	damn	depending	few	gf	grocery	hadn	her	hooked	house	in	into	it	knows	last	like	live	macias	might	moment	more	mother	mothers	name	now	oct	of	old	on	or	ran	reconnected	remember	see	store	that	then	think	this	to	tv	up	was	watched	we	what	when	whether	who	with	year	years
and	as	beautiful	dear	distant	drums	first	his	is	jim	maybe	me	memory	music	of	reeves	the	to	unforgettable	voice
everytime	granddad	his	love	me	my	of	phenomenal	reminds	voice
2019	60s	70s	and	back	childhood	listening	me	november	of	really	remembering	songs	take	the	these
70s	all	and	bath	bathing	dad	he	in	little	memories	mom	my	precious	real	sing	the	this	to	us	used	was	we	were	while
after	all	believe	but	day	hard	he	less	passed	re	than	this	to	we	years
back	came	club	day	days	good	in	jumping	old	on	song	the	this	was	when
all	beautiful	day	first	for	great	heard	it	most	of	remember	song	that	the	thought	time	was
anymore	back	because	broke	eyes	first	going	heart	in	listening	me	my	not	of	rise	song	sun	takes	tears	the	this	thought	to	was	yeah
evokes	happy	many	memories	thanks
47	am	and	are	be	can	contents	follow	for	god	grew	heart	his	in	its	jim	lord	many	muslim	my	of	on	one	only	our	places	praise	praises	reeves	seen	so	some	songs	sure	the	this	type	universal	up	well	words
back	few	me	takes	years
beautiful	nostalgic	song
18	30	80	after	again	ago	and	back	better	but	can	first	he	high	in	is	it	love	me	music	my	never	nothing	now	our	school	sing	singing	succeed	sweetheart	than	the	they	this	to	true	try	used	was	with	years
1960	and	big	charts	for	hit	in	it	memorable	no	one	teenager	the	this	very	wander	was	weeks
44yr	album	away	can	childhood	drift	from	happy	him	jim	listening	many	memories	my	now	of	old	reeves	so	the	to
1963	boat	by	bye	decades	first	for	have	heard	holds	missed	numerous	still	strong	the	this	time	way
back	brought	days	great	sears	some	song	thanks	this	wow
back	brings	childhood	good	love	memories	song	this
55	born	first	in	literally	memory	my	of	one	songs	the
18	although	and	backseat	car	do	english	even	first	in	is	it	kindergarten	know	learned	means	mum	my	not	of	on	remember	sing	song	still	that	the	this	times	to	was	what	when	year
ago	all	can	chronic	constant	danced	dancing	engaged	got	he	husband	in	it	jim	like	listen	live	love	me	mining	much	my	no	of	one	over	pain	passed	reeves	reminds	sing	so	song	the	this	to	we	when	who	with	worked	world	years
childhood	love	me	my	of	reminds	this	tune
ago	another	at	can	chinese	day	deeply	english	first	forget	heard	in	is	listening	me	memory	music	my	nearly	never	one	remember	say	small	songs	still	teenager	that	the	this	time	town	twenty	two	was	years	you
60	and	back	early	england	fantastic	great	in	jim	john	listened	lot	me	memories	of	reeves	singer	takes	the	this	to	voice	wonderful
1996	60s	and	at	back	bought	brilliant	concert	denisex	distant	during	for	going	hemel	hempstead	hit	in	it	life	live	memories	of	pav	pavillion	performed	pop	remember	sharing	song	summer	thanks	the	their	this	to	top	volume	warm	was	wishes
can	country	first	girl	hearing	little	remember	song	was	when
ago	and	dad	died	he	hear	him	it	me	miss	much	my	of	play	reminds	so	song	this	to	used	very	when	years	you
30	after	again	and	apropos	first	gives	goodness	innocent	listening	love	me	nice	on	reminds	smile	song	that	to	years
and	at	dad	days	everyday	family	good	happiness	love	memories	music	my	of	song	teen	this	was	when
again	almost	as	back	be	brings	is	it	listen	many	memories	never	of	painful	period	so	song	that	this	time	to	will
all	and	aunts	dance	house	in	livingroom	miss	my	on	play	really	record	song	stereo	that	the	was	we	would
1980s	but	cool	don	guy	like	lil	little	look	man	miss	oh	one	the	wayne
50	60	70	80	all	and	back	being	better	brings	could	feelings	from	had	hear	in	inside	life	love	me	miss	music	my	of	older	on	place	radio	song	songs	sung	that	the	these	to	touched	understand	when	words	you
18	always	at	beautiful	but	fast	goes	had	it	listen	memories	of	song	that	this	time	to	years
70s	as	child	drop	emotional	in	it	makes	me	middle	of	pilot	simpler	songs	the	time	was
always	back	bring	childhood	me	my	song	this	to
10	15	60s	about	an	and	as	back	being	brings	came	could	earlier	early	first	for	from	funny	her	how	in	it	listening	longed	look	memories	music	now	of	old	on	out	relate	remember	reminiscing	she	song	teenager	that	the	this	to	was	we	when	years	younger
40	about	after	always	am	and	back	be	because	boy	brought	come	doe	eyed	fell	flies	future	he	him	his	in	innocent	knew	love	man	memories	must	name	never	now	of	old	on	optimistic	school	seemed	song	still	the	this	time	to	tv	was	watch	when	with	would	years
70s	as	at	awesome	being	cant	for	go	great	him	kid	knock	loved	the	time	times	we
and	good	her	remember	sang	song	this	to	was	when	young
away	back	come	memories	my	old	or	please	take	them
